{"vertices":[{"x":-2.6029975414276125,"y":-2.334010362625122,"z":0.0},{"x":-2.5249922275543215,"y":2.380002737045288,"z":0.0},{"x":2.8449912071228029,"y":1.6699985265731812,"z":0.0},{"x":2.8060028553009035,"y":-1.253997564315796,"z":0.0}]}