{"vertices":[{"x":-3.6080172061920168,"y":-1.1500152349472047,"z":0.0},{"x":-3.538102626800537,"y":1.101990818977356,"z":0.0},{"x":3.3840177059173586,"y":1.0470101833343506,"z":0.0},{"x":3.35404634475708,"y":-1.0319956541061402,"z":0.0}]}